<colors query="addition">

<color name="white" weight="0.671362069113">
 <shade name="cool" weight="0.605760616887" />
 <shade name="fresh" weight="0.298765086862" />
 <shade name="bright" weight="0.0954731407051" />
</color>

<color name="green" weight="0.195624578292">
 <shade name="cool" weight="0.605760616887" />
 <shade name="fresh" weight="0.298765086862" />
 <shade name="bright" weight="0.0954731407051" />
</color>

<color name="blue" weight="0.105765347503">
 <shade name="cool" weight="0.605760616887" />
 <shade name="fresh" weight="0.298765086862" />
 <shade name="bright" weight="0.0954731407051" />
</color>

<color name="black" weight="0.013984988332">
 <shade name="cool" weight="0.605760616887" />
 <shade name="fresh" weight="0.298765086862" />
 <shade name="bright" weight="0.0954731407051" />
</color>

<color name="red" weight="0.0132619830268">
 <shade name="cool" weight="0.605760616887" />
 <shade name="fresh" weight="0.298765086862" />
 <shade name="bright" weight="0.0954731407051" />
</color>

</colors>