<colors query="advice">

<color name="green" weight="0.660883234087">
 <shade name="light" weight="0.906920264555" />
 <shade name="cool" weight="0.0525059100532" />
 <shade name="neutral" weight="0.0405727486774" />
</color>

<color name="black" weight="0.154481455968">
 <shade name="light" weight="0.906920264555" />
 <shade name="cool" weight="0.0525059100532" />
 <shade name="neutral" weight="0.0405727486774" />
</color>

<color name="white" weight="0.0846756643674">
 <shade name="light" weight="0.906920264555" />
 <shade name="cool" weight="0.0525059100532" />
 <shade name="neutral" weight="0.0405727486774" />
</color>

<color name="red" weight="0.0512184506418">
 <shade name="light" weight="0.906920264555" />
 <shade name="cool" weight="0.0525059100532" />
 <shade name="neutral" weight="0.0405727486774" />
</color>

<color name="blue" weight="0.0487401385139">
 <shade name="light" weight="0.906920264555" />
 <shade name="cool" weight="0.0525059100532" />
 <shade name="neutral" weight="0.0405727486774" />
</color>

</colors>