<colors query="afterthought">

<color name="green" weight="0.601730958322">
 <shade name="cool" weight="0.438864051015" />
 <shade name="weak" weight="0.358078131177" />
 <shade name="bright" weight="0.203056501216" />
</color>

<color name="blue" weight="0.147185989805">
 <shade name="cool" weight="0.438864051015" />
 <shade name="weak" weight="0.358078131177" />
 <shade name="bright" weight="0.203056501216" />
</color>

<color name="white" weight="0.125540991305">
 <shade name="cool" weight="0.438864051015" />
 <shade name="weak" weight="0.358078131177" />
 <shade name="bright" weight="0.203056501216" />
</color>

<color name="black" weight="0.082250994303">
 <shade name="cool" weight="0.438864051015" />
 <shade name="weak" weight="0.358078131177" />
 <shade name="bright" weight="0.203056501216" />
</color>

<color name="red" weight="0.0432899970016">
 <shade name="cool" weight="0.438864051015" />
 <shade name="weak" weight="0.358078131177" />
 <shade name="bright" weight="0.203056501216" />
</color>

</colors>