<colors query="agreement">

<color name="blue" weight="0.344226207921">
 <shade name="neutral" weight="0.362255577043" />
 <shade name="weak" weight="0.351409601682" />
 <shade name="fresh" weight="0.286333749519" />
</color>

<color name="white" weight="0.272330860697">
 <shade name="neutral" weight="0.362255577043" />
 <shade name="weak" weight="0.351409601682" />
 <shade name="fresh" weight="0.286333749519" />
</color>

<color name="orange" weight="0.16013054609">
 <shade name="neutral" weight="0.362255577043" />
 <shade name="weak" weight="0.351409601682" />
 <shade name="fresh" weight="0.286333749519" />
</color>

<color name="green" weight="0.128975895626">
 <shade name="neutral" weight="0.362255577043" />
 <shade name="weak" weight="0.351409601682" />
 <shade name="fresh" weight="0.286333749519" />
</color>

<color name="black" weight="0.0943354101455">
 <shade name="neutral" weight="0.362255577043" />
 <shade name="weak" weight="0.351409601682" />
 <shade name="fresh" weight="0.286333749519" />
</color>

</colors>