<colors query="along">

<color name="green" weight="0.243206682401">
 <shade name="light" weight="0.827956006147" />
 <shade name="hard" weight="0.10129020231" />
 <shade name="dark" weight="0.0707526041616" />
</color>

<color name="white" weight="0.222408317837">
 <shade name="light" weight="0.827956006147" />
 <shade name="hard" weight="0.10129020231" />
 <shade name="dark" weight="0.0707526041616" />
</color>

<color name="black" weight="0.203958155724">
 <shade name="light" weight="0.827956006147" />
 <shade name="hard" weight="0.10129020231" />
 <shade name="dark" weight="0.0707526041616" />
</color>

<color name="red" weight="0.178463386258">
 <shade name="light" weight="0.827956006147" />
 <shade name="hard" weight="0.10129020231" />
 <shade name="dark" weight="0.0707526041616" />
</color>

<color name="blue" weight="0.151962244314">
 <shade name="light" weight="0.827956006147" />
 <shade name="hard" weight="0.10129020231" />
 <shade name="dark" weight="0.0707526041616" />
</color>

</colors>