<colors query="and">

<color name="black" weight="0.478987306636">
 <shade name="light" weight="0.695973651157" />
 <shade name="hard" weight="0.174787903259" />
 <shade name="cool" weight="0.129237116349" />
</color>

<color name="white" weight="0.157252436518">
 <shade name="light" weight="0.695973651157" />
 <shade name="hard" weight="0.174787903259" />
 <shade name="cool" weight="0.129237116349" />
</color>

<color name="green" weight="0.139177443815">
 <shade name="light" weight="0.695973651157" />
 <shade name="hard" weight="0.174787903259" />
 <shade name="cool" weight="0.129237116349" />
</color>

<color name="red" weight="0.130139947463">
 <shade name="light" weight="0.695973651157" />
 <shade name="hard" weight="0.174787903259" />
 <shade name="cool" weight="0.129237116349" />
</color>

<color name="blue" weight="0.0944418368745">
 <shade name="light" weight="0.695973651157" />
 <shade name="hard" weight="0.174787903259" />
 <shade name="cool" weight="0.129237116349" />
</color>

</colors>