<colors query="anesthetic">

<color name="yellow" weight="0.365853203451">
 <shade name="light" weight="0.474008285614" />
 <shade name="weak" weight="0.409691176227" />
 <shade name="fresh" weight="0.116299430671" />
</color>

<color name="white" weight="0.219511922071">
 <shade name="light" weight="0.474008285614" />
 <shade name="weak" weight="0.409691176227" />
 <shade name="fresh" weight="0.116299430671" />
</color>

<color name="blue" weight="0.178861566132">
 <shade name="light" weight="0.474008285614" />
 <shade name="weak" weight="0.409691176227" />
 <shade name="fresh" weight="0.116299430671" />
</color>

<color name="black" weight="0.154471352568">
 <shade name="light" weight="0.474008285614" />
 <shade name="weak" weight="0.409691176227" />
 <shade name="fresh" weight="0.116299430671" />
</color>

<color name="pink" weight="0.081300711878">
 <shade name="light" weight="0.474008285614" />
 <shade name="weak" weight="0.409691176227" />
 <shade name="fresh" weight="0.116299430671" />
</color>

</colors>