<colors query="ankle">

<color name="white" weight="0.454391533219">
 <shade name="soft" weight="0.558463520092" />
 <shade name="weak" weight="0.344502183957" />
 <shade name="hard" weight="0.097033036616" />
</color>

<color name="black" weight="0.377421793565">
 <shade name="soft" weight="0.558463520092" />
 <shade name="weak" weight="0.344502183957" />
 <shade name="hard" weight="0.097033036616" />
</color>

<color name="red" weight="0.0843966443572">
 <shade name="soft" weight="0.558463520092" />
 <shade name="weak" weight="0.344502183957" />
 <shade name="hard" weight="0.097033036616" />
</color>

<color name="blue" weight="0.0640064150805">
 <shade name="soft" weight="0.558463520092" />
 <shade name="weak" weight="0.344502183957" />
 <shade name="hard" weight="0.097033036616" />
</color>

<color name="purple" weight="0.0197825734373">
 <shade name="soft" weight="0.558463520092" />
 <shade name="weak" weight="0.344502183957" />
 <shade name="hard" weight="0.097033036616" />
</color>

</colors>