<colors query="April">

<color name="white" weight="0.303585292309">
 <shade name="warm" weight="0.345394239777" />
 <shade name="light" weight="0.337718812227" />
 <shade name="weak" weight="0.316885508875" />
</color>

<color name="green" weight="0.215139183526">
 <shade name="light" weight="0.36666609376" />
 <shade name="weak" weight="0.344047081482" />
 <shade name="cool" weight="0.289285262284" />
</color>

<color name="black" weight="0.186453959056">
 <shade name="warm" weight="0.345394239777" />
 <shade name="light" weight="0.337718812227" />
 <shade name="weak" weight="0.316885508875" />
</color>

<color name="red" weight="0.157768734586">
 <shade name="warm" weight="0.345394239777" />
 <shade name="light" weight="0.337718812227" />
 <shade name="weak" weight="0.316885508875" />
</color>

<color name="blue" weight="0.137051628024">
 <shade name="light" weight="0.36666609376" />
 <shade name="weak" weight="0.344047081482" />
 <shade name="cool" weight="0.289285262284" />
</color>

</colors>