<colors query="argument">

<color name="white" weight="0.551911128731">
 <shade name="weak" weight="0.855995927609" />
 <shade name="hard" weight="0.106632635554" />
 <shade name="light" weight="0.0373703364967" />
</color>

<color name="green" weight="0.383938176509">
 <shade name="weak" weight="0.823528539972" />
 <shade name="hard" weight="0.102588126694" />
 <shade name="intense" weight="0.0738822747289" />
</color>

<color name="black" weight="0.0243960716323">
 <shade name="weak" weight="0.823528539972" />
 <shade name="hard" weight="0.102588126694" />
 <shade name="intense" weight="0.0738822747289" />
</color>

<color name="blue" weight="0.0232362583908">
 <shade name="weak" weight="0.823528539972" />
 <shade name="hard" weight="0.102588126694" />
 <shade name="intense" weight="0.0738822747289" />
</color>

<color name="red" weight="0.0165173403019">
 <shade name="weak" weight="0.823528539972" />
 <shade name="hard" weight="0.102588126694" />
 <shade name="intense" weight="0.0738822747289" />
</color>

</colors>