<colors query="association">

<color name="green" weight="0.496318354121">
 <shade name="weak" weight="0.878926809519" />
 <shade name="light" weight="0.106569875654" />
 <shade name="dark" weight="0.0145022923571" />
</color>

<color name="black" weight="0.298298755035">
 <shade name="weak" weight="0.878926809519" />
 <shade name="light" weight="0.106569875654" />
 <shade name="dark" weight="0.0145022923571" />
</color>

<color name="orange" weight="0.166285688977">
 <shade name="weak" weight="0.878926809519" />
 <shade name="light" weight="0.106569875654" />
 <shade name="dark" weight="0.0145022923571" />
</color>

<color name="blue" weight="0.0209443806726">
 <shade name="weak" weight="0.878926809519" />
 <shade name="light" weight="0.106569875654" />
 <shade name="dark" weight="0.0145022923571" />
</color>

<color name="red" weight="0.018151796583">
 <shade name="weak" weight="0.878926809519" />
 <shade name="light" weight="0.106569875654" />
 <shade name="dark" weight="0.0145022923571" />
</color>

</colors>