<colors query="attack">

<color name="black" weight="0.830331280646">
 <shade name="light" weight="0.384211851286" />
 <shade name="hard" weight="0.352776336181" />
 <shade name="fresh" weight="0.26301047638" />
</color>

<color name="red" weight="0.0706281788115">
 <shade name="light" weight="0.384211851286" />
 <shade name="hard" weight="0.352776336181" />
 <shade name="fresh" weight="0.26301047638" />
</color>

<color name="white" weight="0.0446178013455">
 <shade name="light" weight="0.384211851286" />
 <shade name="hard" weight="0.352776336181" />
 <shade name="fresh" weight="0.26301047638" />
</color>

<color name="green" weight="0.0326130117458">
 <shade name="light" weight="0.384211851286" />
 <shade name="hard" weight="0.352776336181" />
 <shade name="fresh" weight="0.26301047638" />
</color>

<color name="blue" weight="0.0218087011061">
 <shade name="light" weight="0.384211851286" />
 <shade name="hard" weight="0.352776336181" />
 <shade name="fresh" weight="0.26301047638" />
</color>

</colors>