<colors query="bad">

<color name="black" weight="0.599172925197">
 <shade name="warm" weight="0.657968473289" />
 <shade name="cool" weight="0.171865902937" />
 <shade name="light" weight="0.170164260333" />
</color>

<color name="blue" weight="0.140082497684">
 <shade name="cool" weight="0.378276018376" />
 <shade name="light" weight="0.374530711263" />
 <shade name="hard" weight="0.247190269434" />
</color>

<color name="red" weight="0.110330462778">
 <shade name="warm" weight="0.657968473289" />
 <shade name="cool" weight="0.171865902937" />
 <shade name="light" weight="0.170164260333" />
</color>

<color name="white" weight="0.0983470042736">
 <shade name="warm" weight="0.657968473289" />
 <shade name="cool" weight="0.171865902937" />
 <shade name="light" weight="0.170164260333" />
</color>

<color name="green" weight="0.052066061086">
 <shade name="cool" weight="0.378276018376" />
 <shade name="light" weight="0.374530711263" />
 <shade name="hard" weight="0.247190269434" />
</color>

</colors>