<colors query="bale">

<color name="red" weight="0.278935395392">
 <shade name="fresh" weight="0.609949453698" />
 <shade name="soft" weight="0.287561814223" />
 <shade name="light" weight="0.102487428598" />
</color>

<color name="green" weight="0.249667134508">
 <shade name="fresh" weight="0.609949453698" />
 <shade name="soft" weight="0.287561814223" />
 <shade name="light" weight="0.102487428598" />
</color>

<color name="white" weight="0.177826857793">
 <shade name="fresh" weight="0.609949453698" />
 <shade name="soft" weight="0.287561814223" />
 <shade name="light" weight="0.102487428598" />
</color>

<color name="black" weight="0.14855859691">
 <shade name="fresh" weight="0.609949453698" />
 <shade name="soft" weight="0.287561814223" />
 <shade name="light" weight="0.102487428598" />
</color>

<color name="blue" weight="0.145010928924">
 <shade name="fresh" weight="0.609949453698" />
 <shade name="soft" weight="0.287561814223" />
 <shade name="light" weight="0.102487428598" />
</color>

</colors>