<colors query="basing">

<color name="green" weight="0.358823143149">
 <shade name="cool" weight="0.488280572892" />
 <shade name="hard" weight="0.304687077485" />
 <shade name="light" weight="0.207030962906" />
</color>

<color name="white" weight="0.299999677059">
 <shade name="cool" weight="0.488280572892" />
 <shade name="hard" weight="0.304687077485" />
 <shade name="light" weight="0.207030962906" />
</color>

<color name="black" weight="0.247058557578">
 <shade name="cool" weight="0.488280572892" />
 <shade name="hard" weight="0.304687077485" />
 <shade name="light" weight="0.207030962906" />
</color>

<color name="red" weight="0.052941119481">
 <shade name="cool" weight="0.488280572892" />
 <shade name="hard" weight="0.304687077485" />
 <shade name="light" weight="0.207030962906" />
</color>

<color name="blue" weight="0.041176426263">
 <shade name="cool" weight="0.488280572892" />
 <shade name="hard" weight="0.304687077485" />
 <shade name="light" weight="0.207030962906" />
</color>

</colors>