<colors query="because">

<color name="black" weight="0.231792443802">
 <shade name="hard" weight="0.386684041059" />
 <shade name="cool" weight="0.353059341836" />
 <shade name="light" weight="0.260255171982" />
</color>

<color name="white" weight="0.224789650938">
 <shade name="hard" weight="0.386684041059" />
 <shade name="cool" weight="0.353059341836" />
 <shade name="light" weight="0.260255171982" />
</color>

<color name="red" weight="0.196778479482">
 <shade name="hard" weight="0.386684041059" />
 <shade name="cool" weight="0.353059341836" />
 <shade name="light" weight="0.260255171982" />
</color>

<color name="green" weight="0.175069821603">
 <shade name="hard" weight="0.386684041059" />
 <shade name="cool" weight="0.353059341836" />
 <shade name="light" weight="0.260255171982" />
</color>

<color name="blue" weight="0.171568425171">
 <shade name="hard" weight="0.386684041059" />
 <shade name="cool" weight="0.353059341836" />
 <shade name="light" weight="0.260255171982" />
</color>

</colors>