<colors query="behind">

<color name="green" weight="0.287368692663">
 <shade name="light" weight="0.662312666609" />
 <shade name="hard" weight="0.25186538026" />
 <shade name="dark" weight="0.0858207962367" />
</color>

<color name="black" weight="0.247655552794">
 <shade name="light" weight="0.662312666609" />
 <shade name="hard" weight="0.25186538026" />
 <shade name="dark" weight="0.0858207962367" />
</color>

<color name="blue" weight="0.172641844153">
 <shade name="light" weight="0.662312666609" />
 <shade name="hard" weight="0.25186538026" />
 <shade name="dark" weight="0.0858207962367" />
</color>

<color name="white" weight="0.168780844443">
 <shade name="light" weight="0.662312666609" />
 <shade name="hard" weight="0.25186538026" />
 <shade name="dark" weight="0.0858207962367" />
</color>

<color name="red" weight="0.123551990703">
 <shade name="light" weight="0.662312666609" />
 <shade name="hard" weight="0.25186538026" />
 <shade name="dark" weight="0.0858207962367" />
</color>

</colors>