<colors query="belt">

<color name="black" weight="0.368176710779">
 <shade name="cool" weight="0.583246382239" />
 <shade name="light" weight="0.271974820087" />
 <shade name="soft" weight="0.144777470768" />
</color>

<color name="green" weight="0.326982113769">
 <shade name="cool" weight="0.583246382239" />
 <shade name="light" weight="0.271974820087" />
 <shade name="soft" weight="0.144777470768" />
</color>

<color name="white" weight="0.153192407632">
 <shade name="cool" weight="0.583246382239" />
 <shade name="light" weight="0.271974820087" />
 <shade name="soft" weight="0.144777470768" />
</color>

<color name="yellow" weight="0.0772398693943">
 <shade name="cool" weight="0.583246382239" />
 <shade name="light" weight="0.271974820087" />
 <shade name="soft" weight="0.144777470768" />
</color>

<color name="blue" weight="0.0744077408498">
 <shade name="cool" weight="0.583246382239" />
 <shade name="light" weight="0.271974820087" />
 <shade name="soft" weight="0.144777470768" />
</color>

</colors>