<colors query="best">

<color name="white" weight="0.282374059241">
 <shade name="soft" weight="0.545097352232" />
 <shade name="hard" weight="0.276470239801" />
 <shade name="cool" weight="0.178431147673" />
</color>

<color name="black" weight="0.248974976965">
 <shade name="soft" weight="0.545097352232" />
 <shade name="hard" weight="0.276470239801" />
 <shade name="cool" weight="0.178431147673" />
</color>

<color name="green" weight="0.236829856138">
 <shade name="soft" weight="0.545097352232" />
 <shade name="hard" weight="0.276470239801" />
 <shade name="cool" weight="0.178431147673" />
</color>

<color name="blue" weight="0.162440991069">
 <shade name="soft" weight="0.545097352232" />
 <shade name="hard" weight="0.276470239801" />
 <shade name="cool" weight="0.178431147673" />
</color>

<color name="red" weight="0.0693790027275">
 <shade name="soft" weight="0.545097352232" />
 <shade name="hard" weight="0.276470239801" />
 <shade name="cool" weight="0.178431147673" />
</color>

</colors>