<colors query="bet">

<color name="black" weight="0.656538966373">
 <shade name="soft" weight="0.381973745853" />
 <shade name="hard" weight="0.356222706807" />
 <shade name="weak" weight="0.261802230304" />
</color>

<color name="green" weight="0.174218836828">
 <shade name="soft" weight="0.381973745853" />
 <shade name="hard" weight="0.356222706807" />
 <shade name="weak" weight="0.261802230304" />
</color>

<color name="blue" weight="0.0935460749473">
 <shade name="soft" weight="0.381973745853" />
 <shade name="hard" weight="0.356222706807" />
 <shade name="weak" weight="0.261802230304" />
</color>

<color name="white" weight="0.0391777827646">
 <shade name="soft" weight="0.381973745853" />
 <shade name="hard" weight="0.356222706807" />
 <shade name="weak" weight="0.261802230304" />
</color>

<color name="red" weight="0.0365172980643">
 <shade name="soft" weight="0.381973745853" />
 <shade name="hard" weight="0.356222706807" />
 <shade name="weak" weight="0.261802230304" />
</color>

</colors>