<colors query="bad">

<color name="black" weight="0.542442494737">
 <shade name="warm" weight="0.648147293479" />
 <shade name="cool" weight="0.180555317469" />
 <shade name="light" weight="0.171296070419" />
</color>

<color name="blue" weight="0.182608503953">
 <shade name="cool" weight="0.377722928959" />
 <shade name="light" weight="0.358352522346" />
 <shade name="hard" weight="0.263921790106" />
</color>

<color name="red" weight="0.121739002636">
 <shade name="warm" weight="0.648147293479" />
 <shade name="cool" weight="0.180555317469" />
 <shade name="light" weight="0.171296070419" />
</color>

<color name="white" weight="0.106418107746">
 <shade name="warm" weight="0.648147293479" />
 <shade name="cool" weight="0.180555317469" />
 <shade name="light" weight="0.171296070419" />
</color>

<color name="green" weight="0.046790841149">
 <shade name="cool" weight="0.377722928959" />
 <shade name="light" weight="0.358352522346" />
 <shade name="hard" weight="0.263921790106" />
</color>

</colors>