<colors query="bewildered">

<color name="white" weight="0.374999611608">
 <shade name="light" weight="0.42641459337" />
 <shade name="weak" weight="0.399999530063" />
 <shade name="dark" weight="0.173584701726" />
</color>

<color name="red" weight="0.258928303253">
 <shade name="light" weight="0.42641459337" />
 <shade name="weak" weight="0.399999530063" />
 <shade name="dark" weight="0.173584701726" />
</color>

<color name="black" weight="0.232142616709">
 <shade name="light" weight="0.42641459337" />
 <shade name="weak" weight="0.399999530063" />
 <shade name="dark" weight="0.173584701726" />
</color>

<color name="green" weight="0.0803570596302">
 <shade name="light" weight="0.42641459337" />
 <shade name="weak" weight="0.399999530063" />
 <shade name="dark" weight="0.173584701726" />
</color>

<color name="blue" weight="0.0535713730868">
 <shade name="light" weight="0.42641459337" />
 <shade name="weak" weight="0.399999530063" />
 <shade name="dark" weight="0.173584701726" />
</color>

</colors>