<colors query="breezy">

<color name="blue" weight="0.341958964479">
 <shade name="cool" weight="0.484580841286" />
 <shade name="light" weight="0.296034841222" />
 <shade name="bright" weight="0.219382962691" />
</color>

<color name="pink" weight="0.317313273345">
 <shade name="cool" weight="0.467686463298" />
 <shade name="light" weight="0.285713912124" />
 <shade name="warm" weight="0.246598317012" />
</color>

<color name="white" weight="0.146949933384">
 <shade name="cool" weight="0.467686463298" />
 <shade name="light" weight="0.285713912124" />
 <shade name="warm" weight="0.246598317012" />
</color>

<color name="green" weight="0.132162518704">
 <shade name="cool" weight="0.484580841286" />
 <shade name="light" weight="0.296034841222" />
 <shade name="bright" weight="0.219382962691" />
</color>

<color name="black" weight="0.061614227834">
 <shade name="cool" weight="0.467686463298" />
 <shade name="light" weight="0.285713912124" />
 <shade name="warm" weight="0.246598317012" />
</color>

</colors>