<colors query="brief">

<color name="white" weight="0.393965293735">
 <shade name="light" weight="0.777968177562" />
 <shade name="soft" weight="0.199655549994" />
 <shade name="hard" weight="0.0223751909476" />
</color>

<color name="black" weight="0.233340325491">
 <shade name="light" weight="0.777968177562" />
 <shade name="soft" weight="0.199655549994" />
 <shade name="hard" weight="0.0223751909476" />
</color>

<color name="green" weight="0.180160437355">
 <shade name="light" weight="0.777968177562" />
 <shade name="soft" weight="0.199655549994" />
 <shade name="hard" weight="0.0223751909476" />
</color>

<color name="red" weight="0.156283752887">
 <shade name="light" weight="0.777968177562" />
 <shade name="soft" weight="0.199655549994" />
 <shade name="hard" weight="0.0223751909476" />
</color>

<color name="pink" weight="0.036249148239">
 <shade name="light" weight="0.777968177562" />
 <shade name="soft" weight="0.199655549994" />
 <shade name="hard" weight="0.0223751909476" />
</color>

</colors>