<colors query="clear">

<color name="blue" weight="0.270246900841">
 <shade name="bright" weight="0.513261755969" />
 <shade name="cool" weight="0.338195730677" />
 <shade name="hard" weight="0.148540869944" />
</color>

<color name="white" weight="0.235293831647">
 <shade name="bright" weight="0.481941971121" />
 <shade name="cool" weight="0.317558663141" />
 <shade name="warm" weight="0.200497822611" />
</color>

<color name="black" weight="0.219096067874">
 <shade name="bright" weight="0.481941971121" />
 <shade name="cool" weight="0.317558663141" />
 <shade name="warm" weight="0.200497822611" />
</color>

<color name="red" weight="0.179880429266">
 <shade name="bright" weight="0.481941971121" />
 <shade name="cool" weight="0.317558663141" />
 <shade name="warm" weight="0.200497822611" />
</color>

<color name="yellow" weight="0.0954815548711">
 <shade name="bright" weight="0.481941971121" />
 <shade name="cool" weight="0.317558663141" />
 <shade name="warm" weight="0.200497822611" />
</color>

</colors>