<colors query="cuddly">

<color name="pink" weight="0.346934243391">
 <shade name="soft" weight="0.834861246813" />
 <shade name="warm" weight="0.1625782428" />
 <shade name="cool" weight="0.00255950882247" />
</color>

<color name="blue" weight="0.315024440183">
 <shade name="soft" weight="0.996282409216" />
 <shade name="cool" weight="0.00305439212299" />
 <shade name="bright" weight="0.000662003442966" />
</color>

<color name="white" weight="0.198248139081">
 <shade name="soft" weight="0.834861246813" />
 <shade name="warm" weight="0.1625782428" />
 <shade name="cool" weight="0.00255950882247" />
</color>

<color name="purple" weight="0.108629117304">
 <shade name="soft" weight="0.996282409216" />
 <shade name="cool" weight="0.00305439212299" />
 <shade name="bright" weight="0.000662003442966" />
</color>

<color name="black" weight="0.0311629780267">
 <shade name="soft" weight="0.834861246813" />
 <shade name="warm" weight="0.1625782428" />
 <shade name="cool" weight="0.00255950882247" />
</color>

</colors>