<colors query="dead">

<color name="red" weight="0.660485960156">
 <shade name="light" weight="0.37296209577" />
 <shade name="dark" weight="0.354745438136" />
 <shade name="fresh" weight="0.272291093056" />
</color>

<color name="black" weight="0.16473524094">
 <shade name="light" weight="0.37296209577" />
 <shade name="dark" weight="0.354745438136" />
 <shade name="fresh" weight="0.272291093056" />
</color>

<color name="white" weight="0.102549135919">
 <shade name="light" weight="0.37296209577" />
 <shade name="dark" weight="0.354745438136" />
 <shade name="fresh" weight="0.272291093056" />
</color>

<color name="blue" weight="0.0376592872019">
 <shade name="light" weight="0.37296209577" />
 <shade name="dark" weight="0.354745438136" />
 <shade name="fresh" weight="0.272291093056" />
</color>

<color name="green" weight="0.0345692944058">
 <shade name="light" weight="0.37296209577" />
 <shade name="dark" weight="0.354745438136" />
 <shade name="fresh" weight="0.272291093056" />
</color>

</colors>