<colors query="doubtful">

<color name="red" weight="0.270269979415">
 <shade name="weak" weight="0.409381046859" />
 <shade name="cool" weight="0.300639206287" />
 <shade name="light" weight="0.289978241525" />
</color>

<color name="white" weight="0.253070980725">
 <shade name="weak" weight="0.409381046859" />
 <shade name="cool" weight="0.300639206287" />
 <shade name="light" weight="0.289978241525" />
</color>

<color name="green" weight="0.243242981473">
 <shade name="weak" weight="0.409381046859" />
 <shade name="cool" weight="0.300639206287" />
 <shade name="light" weight="0.289978241525" />
</color>

<color name="blue" weight="0.179360986339">
 <shade name="weak" weight="0.409381046859" />
 <shade name="cool" weight="0.300639206287" />
 <shade name="light" weight="0.289978241525" />
</color>

<color name="black" weight="0.0540539958829">
 <shade name="weak" weight="0.409381046859" />
 <shade name="cool" weight="0.300639206287" />
 <shade name="light" weight="0.289978241525" />
</color>

</colors>