<colors query="dull">

<color name="black" weight="0.409660208668">
 <shade name="dark" weight="0.582746141498" />
 <shade name="bright" weight="0.266819160292" />
 <shade name="soft" weight="0.150433624729" />
</color>

<color name="white" weight="0.299907958734">
 <shade name="dark" weight="0.582746141498" />
 <shade name="bright" weight="0.266819160292" />
 <shade name="soft" weight="0.150433624729" />
</color>

<color name="blue" weight="0.132375276383">
 <shade name="dark" weight="0.582746141498" />
 <shade name="bright" weight="0.266819160292" />
 <shade name="soft" weight="0.150433624729" />
</color>

<color name="yellow" weight="0.0996636030042">
 <shade name="dark" weight="0.582746141498" />
 <shade name="bright" weight="0.266819160292" />
 <shade name="soft" weight="0.150433624729" />
</color>

<color name="purple" weight="0.0583918655638">
 <shade name="dark" weight="0.582746141498" />
 <shade name="bright" weight="0.266819160292" />
 <shade name="soft" weight="0.150433624729" />
</color>

</colors>