<colors query="elated">

<color name="green" weight="0.556700405357">
 <shade name="light" weight="0.509803136872" />
 <shade name="bright" weight="0.372548446175" />
 <shade name="hard" weight="0.11764687774" />
</color>

<color name="blue" weight="0.154639001488">
 <shade name="light" weight="0.509803136872" />
 <shade name="bright" weight="0.372548446175" />
 <shade name="hard" weight="0.11764687774" />
</color>

<color name="black" weight="0.103092667659">
 <shade name="light" weight="0.504853599398" />
 <shade name="bright" weight="0.368931476483" />
 <shade name="warm" weight="0.126213399849" />
</color>

<color name="white" weight="0.0927834008929">
 <shade name="light" weight="0.504853599398" />
 <shade name="bright" weight="0.368931476483" />
 <shade name="warm" weight="0.126213399849" />
</color>

<color name="red" weight="0.0927834008929">
 <shade name="light" weight="0.504853599398" />
 <shade name="bright" weight="0.368931476483" />
 <shade name="warm" weight="0.126213399849" />
</color>

</colors>