<colors query="enchanting">

<color name="white" weight="0.539671219869">
 <shade name="soft" weight="0.607119205808" />
 <shade name="warm" weight="0.197393207752" />
 <shade name="bright" weight="0.195486027001" />
</color>

<color name="black" weight="0.272373248899">
 <shade name="soft" weight="0.607119205808" />
 <shade name="warm" weight="0.197393207752" />
 <shade name="bright" weight="0.195486027001" />
</color>

<color name="red" weight="0.0707155391552">
 <shade name="soft" weight="0.607119205808" />
 <shade name="warm" weight="0.197393207752" />
 <shade name="bright" weight="0.195486027001" />
</color>

<color name="blue" weight="0.0592115758476">
 <shade name="soft" weight="0.621946254878" />
 <shade name="bright" weight="0.200260181545" />
 <shade name="cool" weight="0.177791966054" />
</color>

<color name="green" weight="0.0580273443307">
 <shade name="soft" weight="0.621946254878" />
 <shade name="bright" weight="0.200260181545" />
 <shade name="cool" weight="0.177791966054" />
</color>

</colors>