<colors query="fast">

<color name="red" weight="0.309923959357">
 <shade name="light" weight="0.445868359619" />
 <shade name="hard" weight="0.368945383838" />
 <shade name="cool" weight="0.185184941695" />
</color>

<color name="black" weight="0.26366665199">
 <shade name="light" weight="0.445868359619" />
 <shade name="hard" weight="0.368945383838" />
 <shade name="cool" weight="0.185184941695" />
</color>

<color name="white" weight="0.168208390424">
 <shade name="light" weight="0.445868359619" />
 <shade name="hard" weight="0.368945383838" />
 <shade name="cool" weight="0.185184941695" />
</color>

<color name="blue" weight="0.155592761143">
 <shade name="light" weight="0.445868359619" />
 <shade name="hard" weight="0.368945383838" />
 <shade name="cool" weight="0.185184941695" />
</color>

<color name="green" weight="0.102607118159">
 <shade name="light" weight="0.445868359619" />
 <shade name="hard" weight="0.368945383838" />
 <shade name="cool" weight="0.185184941695" />
</color>

</colors>