<colors query="fuzzy">

<color name="pink" weight="0.338709259844">
 <shade name="warm" weight="0.90347234739" />
 <shade name="soft" weight="0.0854463234206" />
 <shade name="dark" weight="0.0110803212416" />
</color>

<color name="white" weight="0.247496914008">
 <shade name="warm" weight="0.90347234739" />
 <shade name="soft" weight="0.0854463234206" />
 <shade name="dark" weight="0.0110803212416" />
</color>

<color name="green" weight="0.146829629883">
 <shade name="soft" weight="0.856462940344" />
 <shade name="dark" weight="0.11106252593" />
 <shade name="cool" weight="0.0324644306564" />
</color>

<color name="black" weight="0.135706173074">
 <shade name="warm" weight="0.90347234739" />
 <shade name="soft" weight="0.0854463234206" />
 <shade name="dark" weight="0.0110803212416" />
</color>

<color name="blue" weight="0.13125679035">
 <shade name="soft" weight="0.856462940344" />
 <shade name="dark" weight="0.11106252593" />
 <shade name="cool" weight="0.0324644306564" />
</color>

</colors>