<colors query="hard">

<color name="black" weight="0.453383166123">
 <shade name="soft" weight="0.503750739603" />
 <shade name="hard" weight="0.435422846731" />
 <shade name="dark" weight="0.0608252222818" />
</color>

<color name="white" weight="0.204466918055">
 <shade name="soft" weight="0.503750739603" />
 <shade name="hard" weight="0.435422846731" />
 <shade name="dark" weight="0.0608252222818" />
</color>

<color name="green" weight="0.134459223286">
 <shade name="soft" weight="0.503750739603" />
 <shade name="hard" weight="0.435422846731" />
 <shade name="dark" weight="0.0608252222818" />
</color>

<color name="red" weight="0.114457024781">
 <shade name="soft" weight="0.503750739603" />
 <shade name="hard" weight="0.435422846731" />
 <shade name="dark" weight="0.0608252222818" />
</color>

<color name="blue" weight="0.0932324697003">
 <shade name="soft" weight="0.503750739603" />
 <shade name="hard" weight="0.435422846731" />
 <shade name="dark" weight="0.0608252222818" />
</color>

</colors>