<colors query="hurt">

<color name="green" weight="0.363324351838">
 <shade name="light" weight="0.642522500421" />
 <shade name="hard" weight="0.207359534227" />
 <shade name="cool" weight="0.150116620553" />
</color>

<color name="white" weight="0.204798396437">
 <shade name="light" weight="0.642522500421" />
 <shade name="hard" weight="0.207359534227" />
 <shade name="cool" weight="0.150116620553" />
</color>

<color name="red" weight="0.162810440682">
 <shade name="light" weight="0.642522500421" />
 <shade name="hard" weight="0.207359534227" />
 <shade name="cool" weight="0.150116620553" />
</color>

<color name="black" weight="0.157669058345">
 <shade name="light" weight="0.642522500421" />
 <shade name="hard" weight="0.207359534227" />
 <shade name="cool" weight="0.150116620553" />
</color>

<color name="blue" weight="0.111396617309">
 <shade name="light" weight="0.642522500421" />
 <shade name="hard" weight="0.207359534227" />
 <shade name="cool" weight="0.150116620553" />
</color>

</colors>