<colors query="icy">

<color name="red" weight="0.333444063605">
 <shade name="cool" weight="0.540306473235" />
 <shade name="bright" weight="0.354126267538" />
 <shade name="hard" weight="0.105566096014" />
</color>

<color name="green" weight="0.283427454064">
 <shade name="cool" weight="0.540306473235" />
 <shade name="bright" weight="0.354126267538" />
 <shade name="hard" weight="0.105566096014" />
</color>

<color name="blue" weight="0.155551655672">
 <shade name="cool" weight="0.540306473235" />
 <shade name="bright" weight="0.354126267538" />
 <shade name="hard" weight="0.105566096014" />
</color>

<color name="black" weight="0.114204591785">
 <shade name="cool" weight="0.540306473235" />
 <shade name="bright" weight="0.354126267538" />
 <shade name="hard" weight="0.105566096014" />
</color>

<color name="white" weight="0.113370981626">
 <shade name="cool" weight="0.540306473235" />
 <shade name="bright" weight="0.354126267538" />
 <shade name="hard" weight="0.105566096014" />
</color>

</colors>