<colors query="long">

<color name="white" weight="0.331635159962">
 <shade name="weak" weight="0.554992693863" />
 <shade name="hard" weight="0.233880747983" />
 <shade name="light" weight="0.211124783315" />
</color>

<color name="black" weight="0.318618762899">
 <shade name="weak" weight="0.554992693863" />
 <shade name="hard" weight="0.233880747983" />
 <shade name="light" weight="0.211124783315" />
</color>

<color name="blue" weight="0.131295831248">
 <shade name="weak" weight="0.554992693863" />
 <shade name="hard" weight="0.233880747983" />
 <shade name="light" weight="0.211124783315" />
</color>

<color name="red" weight="0.129032110019">
 <shade name="weak" weight="0.554992693863" />
 <shade name="hard" weight="0.233880747983" />
 <shade name="light" weight="0.211124783315" />
</color>

<color name="green" weight="0.0894169885222">
 <shade name="weak" weight="0.554992693863" />
 <shade name="hard" weight="0.233880747983" />
 <shade name="light" weight="0.211124783315" />
</color>

</colors>