<colors query="narrow">

<color name="white" weight="0.286814772693">
 <shade name="dark" weight="0.602149626667" />
 <shade name="light" weight="0.212365270119" />
 <shade name="weak" weight="0.185483590357" />
</color>

<color name="green" weight="0.208903894141">
 <shade name="dark" weight="0.585364992769" />
 <shade name="intense" weight="0.208187847131" />
 <shade name="light" weight="0.206445689414" />
</color>

<color name="black" weight="0.195205278132">
 <shade name="dark" weight="0.585364992769" />
 <shade name="intense" weight="0.208187847131" />
 <shade name="light" weight="0.206445689414" />
</color>

<color name="blue" weight="0.157534084106">
 <shade name="dark" weight="0.585364992769" />
 <shade name="intense" weight="0.208187847131" />
 <shade name="light" weight="0.206445689414" />
</color>

<color name="red" weight="0.151540939602">
 <shade name="dark" weight="0.585364992769" />
 <shade name="intense" weight="0.208187847131" />
 <shade name="light" weight="0.206445689414" />
</color>

</colors>