<colors query="old">

<color name="black" weight="0.312238750992">
 <shade name="cool" weight="0.564189068574" />
 <shade name="dark" weight="0.232062673489" />
 <shade name="light" weight="0.203746769293" />
</color>

<color name="green" weight="0.247119439288">
 <shade name="cool" weight="0.564189068574" />
 <shade name="dark" weight="0.232062673489" />
 <shade name="light" weight="0.203746769293" />
</color>

<color name="white" weight="0.210385468583">
 <shade name="cool" weight="0.564189068574" />
 <shade name="dark" weight="0.232062673489" />
 <shade name="light" weight="0.203746769293" />
</color>

<color name="red" weight="0.124895500397">
 <shade name="cool" weight="0.564189068574" />
 <shade name="dark" weight="0.232062673489" />
 <shade name="light" weight="0.203746769293" />
</color>

<color name="blue" weight="0.105359706885">
 <shade name="cool" weight="0.564189068574" />
 <shade name="dark" weight="0.232062673489" />
 <shade name="light" weight="0.203746769293" />
</color>

</colors>