<colors query="shaky">

<color name="white" weight="0.336776478195">
 <shade name="weak" weight="0.525777782857" />
 <shade name="cool" weight="0.329759657986" />
 <shade name="soft" weight="0.144461274319" />
</color>

<color name="blue" weight="0.252065830306">
 <shade name="weak" weight="0.525777782857" />
 <shade name="cool" weight="0.329759657986" />
 <shade name="soft" weight="0.144461274319" />
</color>

<color name="green" weight="0.146694048784">
 <shade name="weak" weight="0.525777782857" />
 <shade name="cool" weight="0.329759657986" />
 <shade name="soft" weight="0.144461274319" />
</color>

<color name="black" weight="0.134297368605">
 <shade name="weak" weight="0.525777782857" />
 <shade name="cool" weight="0.329759657986" />
 <shade name="soft" weight="0.144461274319" />
</color>

<color name="red" weight="0.130165141879">
 <shade name="weak" weight="0.525777782857" />
 <shade name="cool" weight="0.329759657986" />
 <shade name="soft" weight="0.144461274319" />
</color>

</colors>