<colors query="shallow">

<color name="black" weight="0.481540414709">
 <shade name="warm" weight="0.805315809616" />
 <shade name="light" weight="0.108678541298" />
 <shade name="weak" weight="0.0860046010269" />
</color>

<color name="blue" weight="0.383043511701">
 <shade name="light" weight="0.529117970054" />
 <shade name="weak" weight="0.418726451122" />
 <shade name="soft" weight="0.0521504761852" />
</color>

<color name="red" weight="0.069677438795">
 <shade name="warm" weight="0.805315809616" />
 <shade name="light" weight="0.108678541298" />
 <shade name="weak" weight="0.0860046010269" />
</color>

<color name="white" weight="0.0357872080932">
 <shade name="warm" weight="0.805315809616" />
 <shade name="light" weight="0.108678541298" />
 <shade name="weak" weight="0.0860046010269" />
</color>

<color name="orange" weight="0.0299503545815">
 <shade name="warm" weight="0.805315809616" />
 <shade name="light" weight="0.108678541298" />
 <shade name="weak" weight="0.0860046010269" />
</color>

</colors>