<colors query="silent">

<color name="white" weight="0.481552909589">
 <shade name="dark" weight="0.626962592358" />
 <shade name="soft" weight="0.19240814421" />
 <shade name="cool" weight="0.180628053748" />
</color>

<color name="black" weight="0.259546662292">
 <shade name="dark" weight="0.626962592358" />
 <shade name="soft" weight="0.19240814421" />
 <shade name="cool" weight="0.180628053748" />
</color>

<color name="green" weight="0.149514411445">
 <shade name="dark" weight="0.626962592358" />
 <shade name="soft" weight="0.19240814421" />
 <shade name="cool" weight="0.180628053748" />
</color>

<color name="blue" weight="0.0944982860215">
 <shade name="dark" weight="0.626962592358" />
 <shade name="soft" weight="0.19240814421" />
 <shade name="cool" weight="0.180628053748" />
</color>

<color name="orange" weight="0.0148867162911">
 <shade name="dark" weight="0.626962592358" />
 <shade name="soft" weight="0.19240814421" />
 <shade name="cool" weight="0.180628053748" />
</color>

</colors>