<colors query="squealing">

<color name="pink" weight="0.313609120444">
 <shade name="light" weight="0.42132810121" />
 <shade name="soft" weight="0.407342106149" />
 <shade name="hard" weight="0.171328439496" />
</color>

<color name="black" weight="0.254437588285">
 <shade name="light" weight="0.42132810121" />
 <shade name="soft" weight="0.407342106149" />
 <shade name="hard" weight="0.171328439496" />
</color>

<color name="blue" weight="0.218934668989">
 <shade name="light" weight="0.42132810121" />
 <shade name="soft" weight="0.407342106149" />
 <shade name="hard" weight="0.171328439496" />
</color>

<color name="green" weight="0.124260217535">
 <shade name="light" weight="0.42132810121" />
 <shade name="soft" weight="0.407342106149" />
 <shade name="hard" weight="0.171328439496" />
</color>

<color name="white" weight="0.088757298239">
 <shade name="light" weight="0.42132810121" />
 <shade name="soft" weight="0.407342106149" />
 <shade name="hard" weight="0.171328439496" />
</color>

</colors>