<colors query="tight">

<color name="black" weight="0.601613479019">
 <shade name="light" weight="0.765793520966" />
 <shade name="hard" weight="0.118910716172" />
 <shade name="bright" weight="0.11529446899" />
</color>

<color name="white" weight="0.280630677713">
 <shade name="light" weight="0.765793520966" />
 <shade name="hard" weight="0.118910716172" />
 <shade name="bright" weight="0.11529446899" />
</color>

<color name="pink" weight="0.0707996350309">
 <shade name="light" weight="0.765793520966" />
 <shade name="hard" weight="0.118910716172" />
 <shade name="bright" weight="0.11529446899" />
</color>

<color name="red" weight="0.0243946928993">
 <shade name="light" weight="0.765793520966" />
 <shade name="hard" weight="0.118910716172" />
 <shade name="bright" weight="0.11529446899" />
</color>

<color name="blue" weight="0.0225605054632">
 <shade name="light" weight="0.765793520966" />
 <shade name="hard" weight="0.118910716172" />
 <shade name="bright" weight="0.11529446899" />
</color>

</colors>